"filename", "language", "Java", "Java Properties", "comment", "blank", "total"
"c:\Users\GRLL\Documents\CICLO VIII\SOLUCIONES WEB Y APLI. DIST. - 8104\PROYECTO FINAL\turnix-backend\src\main\java\com\turnix\turnix_backend\TurnixBackendApplication.java", "Java", 9, 0, 0, 5, 14
"c:\Users\GRLL\Documents\CICLO VIII\SOLUCIONES WEB Y APLI. DIST. - 8104\PROYECTO FINAL\turnix-backend\src\main\java\com\turnix\turnix_backend\config\WebConfig.java", "Java", 11, 0, 0, 3, 14
"c:\Users\GRLL\Documents\CICLO VIII\SOLUCIONES WEB Y APLI. DIST. - 8104\PROYECTO FINAL\turnix-backend\src\main\java\com\turnix\turnix_backend\controller\CitaController.java", "Java", 32, 0, 0, 8, 40
"c:\Users\GRLL\Documents\CICLO VIII\SOLUCIONES WEB Y APLI. DIST. - 8104\PROYECTO FINAL\turnix-backend\src\main\java\com\turnix\turnix_backend\controller\DisponibilidadSemanalController.java", "Java", 32, 0, 0, 8, 40
"c:\Users\GRLL\Documents\CICLO VIII\SOLUCIONES WEB Y APLI. DIST. - 8104\PROYECTO FINAL\turnix-backend\src\main\java\com\turnix\turnix_backend\controller\ExcepcionHorarioController.java", "Java", 32, 0, 0, 8, 40
"c:\Users\GRLL\Documents\CICLO VIII\SOLUCIONES WEB Y APLI. DIST. - 8104\PROYECTO FINAL\turnix-backend\src\main\java\com\turnix\turnix_backend\controller\GaleriaNegocioController.java", "Java", 31, 0, 0, 9, 40
"c:\Users\GRLL\Documents\CICLO VIII\SOLUCIONES WEB Y APLI. DIST. - 8104\PROYECTO FINAL\turnix-backend\src\main\java\com\turnix\turnix_backend\controller\NegocioController.java", "Java", 32, 0, 0, 8, 40
"c:\Users\GRLL\Documents\CICLO VIII\SOLUCIONES WEB Y APLI. DIST. - 8104\PROYECTO FINAL\turnix-backend\src\main\java\com\turnix\turnix_backend\controller\ProfesionalController.java", "Java", 32, 0, 0, 8, 40
"c:\Users\GRLL\Documents\CICLO VIII\SOLUCIONES WEB Y APLI. DIST. - 8104\PROYECTO FINAL\turnix-backend\src\main\java\com\turnix\turnix_backend\controller\PromocionController.java", "Java", 32, 0, 0, 8, 40
"c:\Users\GRLL\Documents\CICLO VIII\SOLUCIONES WEB Y APLI. DIST. - 8104\PROYECTO FINAL\turnix-backend\src\main\java\com\turnix\turnix_backend\controller\ResenaController.java", "Java", 32, 0, 0, 8, 40
"c:\Users\GRLL\Documents\CICLO VIII\SOLUCIONES WEB Y APLI. DIST. - 8104\PROYECTO FINAL\turnix-backend\src\main\java\com\turnix\turnix_backend\controller\ServicioController.java", "Java", 32, 0, 0, 8, 40
"c:\Users\GRLL\Documents\CICLO VIII\SOLUCIONES WEB Y APLI. DIST. - 8104\PROYECTO FINAL\turnix-backend\src\main\java\com\turnix\turnix_backend\controller\UsuarioController.java", "Java", 46, 0, 0, 9, 55
"c:\Users\GRLL\Documents\CICLO VIII\SOLUCIONES WEB Y APLI. DIST. - 8104\PROYECTO FINAL\turnix-backend\src\main\java\com\turnix\turnix_backend\dto\UsuarioDTO.java", "Java", 8, 0, 0, 2, 10
"c:\Users\GRLL\Documents\CICLO VIII\SOLUCIONES WEB Y APLI. DIST. - 8104\PROYECTO FINAL\turnix-backend\src\main\java\com\turnix\turnix_backend\exception\UsuarioNotFoundException.java", "Java", 6, 0, 0, 1, 7
"c:\Users\GRLL\Documents\CICLO VIII\SOLUCIONES WEB Y APLI. DIST. - 8104\PROYECTO FINAL\turnix-backend\src\main\java\com\turnix\turnix_backend\model\Cita.java", "Java", 38, 0, 0, 13, 51
"c:\Users\GRLL\Documents\CICLO VIII\SOLUCIONES WEB Y APLI. DIST. - 8104\PROYECTO FINAL\turnix-backend\src\main\java\com\turnix\turnix_backend\model\DisponibilidadSemanal.java", "Java", 24, 0, 0, 7, 31
"c:\Users\GRLL\Documents\CICLO VIII\SOLUCIONES WEB Y APLI. DIST. - 8104\PROYECTO FINAL\turnix-backend\src\main\java\com\turnix\turnix_backend\model\ExcepcionHorario.java", "Java", 27, 0, 0, 9, 36
"c:\Users\GRLL\Documents\CICLO VIII\SOLUCIONES WEB Y APLI. DIST. - 8104\PROYECTO FINAL\turnix-backend\src\main\java\com\turnix\turnix_backend\model\GaleriaNegocio.java", "Java", 21, 0, 0, 6, 27
"c:\Users\GRLL\Documents\CICLO VIII\SOLUCIONES WEB Y APLI. DIST. - 8104\PROYECTO FINAL\turnix-backend\src\main\java\com\turnix\turnix_backend\model\Negocio.java", "Java", 30, 0, 0, 10, 40
"c:\Users\GRLL\Documents\CICLO VIII\SOLUCIONES WEB Y APLI. DIST. - 8104\PROYECTO FINAL\turnix-backend\src\main\java\com\turnix\turnix_backend\model\Profesional.java", "Java", 25, 0, 0, 8, 33
"c:\Users\GRLL\Documents\CICLO VIII\SOLUCIONES WEB Y APLI. DIST. - 8104\PROYECTO FINAL\turnix-backend\src\main\java\com\turnix\turnix_backend\model\ProfesionalServicio.java", "Java", 19, 0, 0, 4, 23
"c:\Users\GRLL\Documents\CICLO VIII\SOLUCIONES WEB Y APLI. DIST. - 8104\PROYECTO FINAL\turnix-backend\src\main\java\com\turnix\turnix_backend\model\ProfesionalServicioId.java", "Java", 23, 0, 0, 7, 30
"c:\Users\GRLL\Documents\CICLO VIII\SOLUCIONES WEB Y APLI. DIST. - 8104\PROYECTO FINAL\turnix-backend\src\main\java\com\turnix\turnix_backend\model\Promocion.java", "Java", 28, 0, 0, 10, 38
"c:\Users\GRLL\Documents\CICLO VIII\SOLUCIONES WEB Y APLI. DIST. - 8104\PROYECTO FINAL\turnix-backend\src\main\java\com\turnix\turnix_backend\model\Resena.java", "Java", 27, 0, 0, 9, 36
"c:\Users\GRLL\Documents\CICLO VIII\SOLUCIONES WEB Y APLI. DIST. - 8104\PROYECTO FINAL\turnix-backend\src\main\java\com\turnix\turnix_backend\model\Servicio.java", "Java", 24, 0, 0, 8, 32
"c:\Users\GRLL\Documents\CICLO VIII\SOLUCIONES WEB Y APLI. DIST. - 8104\PROYECTO FINAL\turnix-backend\src\main\java\com\turnix\turnix_backend\model\Usuario.java", "Java", 41, 0, 0, 10, 51
"c:\Users\GRLL\Documents\CICLO VIII\SOLUCIONES WEB Y APLI. DIST. - 8104\PROYECTO FINAL\turnix-backend\src\main\java\com\turnix\turnix_backend\repository\CitaRepository.java", "Java", 7, 0, 0, 2, 9
"c:\Users\GRLL\Documents\CICLO VIII\SOLUCIONES WEB Y APLI. DIST. - 8104\PROYECTO FINAL\turnix-backend\src\main\java\com\turnix\turnix_backend\repository\DisponibilidadSemanalRepository.java", "Java", 7, 0, 0, 2, 9
"c:\Users\GRLL\Documents\CICLO VIII\SOLUCIONES WEB Y APLI. DIST. - 8104\PROYECTO FINAL\turnix-backend\src\main\java\com\turnix\turnix_backend\repository\ExcepcionHorarioRepository.java", "Java", 7, 0, 0, 2, 9
"c:\Users\GRLL\Documents\CICLO VIII\SOLUCIONES WEB Y APLI. DIST. - 8104\PROYECTO FINAL\turnix-backend\src\main\java\com\turnix\turnix_backend\repository\GaleriaNegocioRepository.java", "Java", 7, 0, 0, 2, 9
"c:\Users\GRLL\Documents\CICLO VIII\SOLUCIONES WEB Y APLI. DIST. - 8104\PROYECTO FINAL\turnix-backend\src\main\java\com\turnix\turnix_backend\repository\NegocioRepository.java", "Java", 7, 0, 0, 2, 9
"c:\Users\GRLL\Documents\CICLO VIII\SOLUCIONES WEB Y APLI. DIST. - 8104\PROYECTO FINAL\turnix-backend\src\main\java\com\turnix\turnix_backend\repository\ProfesionalRepository.java", "Java", 7, 0, 0, 2, 9
"c:\Users\GRLL\Documents\CICLO VIII\SOLUCIONES WEB Y APLI. DIST. - 8104\PROYECTO FINAL\turnix-backend\src\main\java\com\turnix\turnix_backend\repository\ProfesionalServicioRepository.java", "Java", 8, 0, 0, 2, 10
"c:\Users\GRLL\Documents\CICLO VIII\SOLUCIONES WEB Y APLI. DIST. - 8104\PROYECTO FINAL\turnix-backend\src\main\java\com\turnix\turnix_backend\repository\PromocionRepository.java", "Java", 7, 0, 0, 2, 9
"c:\Users\GRLL\Documents\CICLO VIII\SOLUCIONES WEB Y APLI. DIST. - 8104\PROYECTO FINAL\turnix-backend\src\main\java\com\turnix\turnix_backend\repository\ResenaRepository.java", "Java", 7, 0, 0, 2, 9
"c:\Users\GRLL\Documents\CICLO VIII\SOLUCIONES WEB Y APLI. DIST. - 8104\PROYECTO FINAL\turnix-backend\src\main\java\com\turnix\turnix_backend\repository\ServicioRepository.java", "Java", 7, 0, 0, 2, 9
"c:\Users\GRLL\Documents\CICLO VIII\SOLUCIONES WEB Y APLI. DIST. - 8104\PROYECTO FINAL\turnix-backend\src\main\java\com\turnix\turnix_backend\repository\UsuarioRepository.java", "Java", 9, 0, 0, 3, 12
"c:\Users\GRLL\Documents\CICLO VIII\SOLUCIONES WEB Y APLI. DIST. - 8104\PROYECTO FINAL\turnix-backend\src\main\java\com\turnix\turnix_backend\security\SecurityConfig.java", "Java", 20, 0, 0, 4, 24
"c:\Users\GRLL\Documents\CICLO VIII\SOLUCIONES WEB Y APLI. DIST. - 8104\PROYECTO FINAL\turnix-backend\src\main\java\com\turnix\turnix_backend\service\CitaService.java", "Java", 24, 0, 0, 8, 32
"c:\Users\GRLL\Documents\CICLO VIII\SOLUCIONES WEB Y APLI. DIST. - 8104\PROYECTO FINAL\turnix-backend\src\main\java\com\turnix\turnix_backend\service\DisponibilidadSemanalService.java", "Java", 24, 0, 0, 8, 32
"c:\Users\GRLL\Documents\CICLO VIII\SOLUCIONES WEB Y APLI. DIST. - 8104\PROYECTO FINAL\turnix-backend\src\main\java\com\turnix\turnix_backend\service\ExcepcionHorarioService.java", "Java", 24, 0, 0, 8, 32
"c:\Users\GRLL\Documents\CICLO VIII\SOLUCIONES WEB Y APLI. DIST. - 8104\PROYECTO FINAL\turnix-backend\src\main\java\com\turnix\turnix_backend\service\GaleriaNegocioService.java", "Java", 24, 0, 0, 8, 32
"c:\Users\GRLL\Documents\CICLO VIII\SOLUCIONES WEB Y APLI. DIST. - 8104\PROYECTO FINAL\turnix-backend\src\main\java\com\turnix\turnix_backend\service\NegocioService.java", "Java", 24, 0, 0, 8, 32
"c:\Users\GRLL\Documents\CICLO VIII\SOLUCIONES WEB Y APLI. DIST. - 8104\PROYECTO FINAL\turnix-backend\src\main\java\com\turnix\turnix_backend\service\ProfesionalService.java", "Java", 24, 0, 0, 8, 32
"c:\Users\GRLL\Documents\CICLO VIII\SOLUCIONES WEB Y APLI. DIST. - 8104\PROYECTO FINAL\turnix-backend\src\main\java\com\turnix\turnix_backend\service\PromocionService.java", "Java", 24, 0, 0, 8, 32
"c:\Users\GRLL\Documents\CICLO VIII\SOLUCIONES WEB Y APLI. DIST. - 8104\PROYECTO FINAL\turnix-backend\src\main\java\com\turnix\turnix_backend\service\ResenaService.java", "Java", 24, 0, 0, 8, 32
"c:\Users\GRLL\Documents\CICLO VIII\SOLUCIONES WEB Y APLI. DIST. - 8104\PROYECTO FINAL\turnix-backend\src\main\java\com\turnix\turnix_backend\service\ServicioService.java", "Java", 24, 0, 0, 8, 32
"c:\Users\GRLL\Documents\CICLO VIII\SOLUCIONES WEB Y APLI. DIST. - 8104\PROYECTO FINAL\turnix-backend\src\main\java\com\turnix\turnix_backend\service\UsuarioService.java", "Java", 40, 0, 1, 11, 52
"c:\Users\GRLL\Documents\CICLO VIII\SOLUCIONES WEB Y APLI. DIST. - 8104\PROYECTO FINAL\turnix-backend\src\main\resources\application.properties", "Java Properties", 0, 5, 1, 2, 8
"Total", "-", 1050, 5, 2, 306, 1363